id;gerecht;origineel_bestand;website_bestand
1;Hutspot met rookworst;Recipe_506096-01_560x560_2.jpg;assets/images/dinner-001.jpg
2;Boerenkoolstamppot met rookworst;Recipe_500803-01_560x560_2.jpg;assets/images/dinner-002.jpg
3;Andijviestamppot met spekjes;Recipe_506663-01_560x560_2.jpg;assets/images/dinner-003.jpg
4;Zuurkoolstamppot met rookworst;Recipe_506298-01_560x560_2.jpg;assets/images/dinner-004.jpg
5;Preistamppot met gehaktballen;Recipe_314876-01_560x560_2.jpg;assets/images/dinner-005.jpg
6;Broccolistamppot met kaas;Recipe_505793-01_560x560_2.jpg;assets/images/dinner-006.jpg
7;Spruitjesstamppot met gehaktballen;Recipe_501079-01_560x560_2.jpg;assets/images/dinner-007.jpg
8;Spinaziestamppot met spekjes;Recipe_503641-01_560x560_2.jpg;assets/images/dinner-008.jpg
9;Snijbonenstamppot met rookworst;Recipe_506298-01_560x560_2.jpg;assets/images/dinner-009.jpg
10;Witlofstamppot met ham en kaas;Recipe_505794-01_560x560_2.jpg;assets/images/dinner-010.jpg
11;Spaghetti bolognese;Recipe_505333-01_560x560_2.jpg;assets/images/dinner-011.jpg
12;Macaroni met gehakt en groente;Recipe_502375-01_560x560_2.jpg;assets/images/dinner-012.jpg
13;Pasta pesto met kip;Recipe_258257-01_560x560_2.jpg;assets/images/dinner-013.jpg
14;Penne met spinazie en roomkaas;Recipe_505917-01_560x560_2.jpg;assets/images/dinner-014.jpg
15;Lasagne bolognese;Recipe_504324-01_560x560_2.jpg;assets/images/dinner-015.jpg
16;Pasta met zalm en spinazie;Recipe_504179-01_560x560_2.jpg;assets/images/dinner-016.jpg
17;Spaghetti carbonara met spek;Recipe_504350-01_560x560_2.jpg;assets/images/dinner-017.jpg
18;Pasta met gehakt, spinazie en tomaat;Recipe_503281-01_560x560_2.jpg;assets/images/dinner-018.jpg
19;Macaroni ham-kaas;Recipe_500644-01_560x560_2.jpg;assets/images/dinner-019.jpg
20;Pasta met kip en champignons;Recipe_258270-01_560x560_2.jpg;assets/images/dinner-020.jpg
21;Pasta met broccoli en kip;Recipe_504397-01_560x560_2.jpg;assets/images/dinner-021.jpg
22;Pasta met tomatensaus en gehaktballetjes;Recipe_504623-01_560x560_2.jpg;assets/images/dinner-022.jpg
23;Pasta met ham, prei en kaas;Recipe_505477-01_560x560_2.jpg;assets/images/dinner-023.jpg
24;Tortellini met spinazie en tomaat;Recipe_502349-01_560x560_2.jpg;assets/images/dinner-024.jpg
25;Gnocchi met tomaat en mozzarella;Recipe_503866-01_560x560_2.jpg;assets/images/dinner-025.jpg
26;Ravioli met spinazie-roomsaus;Recipe_504328-01_560x560.jpg;assets/images/dinner-026.jpg
27;Pasta met tonijn en tomaat;Recipe_503104-01_560x560_2.jpg;assets/images/dinner-027.jpg
28;Pasta pesto met sperziebonen;Recipe_505692-01_560x560_2.jpg;assets/images/dinner-028.jpg
29;Aardappelen, sperziebonen en gehaktbal;Recipe_501396-01_560x560_2.jpg;assets/images/dinner-029.jpg
30;Aardappelen, broccoli en kipfilet;Recipe_506298-01_560x560_2.jpg;assets/images/dinner-030.jpg
31;Aardappelen, bloemkool en slavink;Recipe_505793-01_560x560_2.jpg;assets/images/dinner-031.jpg
32;Aardappelen, worteltjes en schnitzel;Recipe_505816-01_560x560_2.jpg;assets/images/dinner-032.jpg
33;Aardappelen, spinazie en vissticks;Recipe_304091-01_560x560_2.jpg;assets/images/dinner-033.jpg
34;Aardappelen, rode kool en braadworst;Recipe_506096-01_560x560_2.jpg;assets/images/dinner-034.jpg
35;Aardappelen, doperwten en kabeljauw;Recipe_503075-01_560x560_2.jpg;assets/images/dinner-035.jpg
36;Aardappelen, bloemkool en gehaktbal;Recipe_505793-01_560x560_2.jpg;assets/images/dinner-036.jpg
37;Aardappelen, snijbonen en kip;Recipe_506298-01_560x560_2.jpg;assets/images/dinner-037.jpg
38;Aardappelen, witlof en ham-kaas;Recipe_505794-01_560x560_2.jpg;assets/images/dinner-038.jpg
39;Kipschnitzel met worteltjes en krieltjes;Recipe_506298-01_560x560_2.jpg;assets/images/dinner-039.jpg
40;Slavink met broccoli en aardappelen;Recipe_501396-01_560x560_2.jpg;assets/images/dinner-040.jpg
41;Rundervink met bloemkool en aardappelen;Recipe_505793-01_560x560_2.jpg;assets/images/dinner-041.jpg
42;Karbonade met sperziebonen en aardappelen;Recipe_501396-01_560x560_2.jpg;assets/images/dinner-042.jpg
43;Kipfilet met bloemkool en krieltjes;Recipe_506298-01_560x560_2.jpg;assets/images/dinner-043.jpg
44;Rookworst met zuurkool en aardappelen;Recipe_506096-01_560x560_2.jpg;assets/images/dinner-044.jpg
45;Gehaktbal met rode kool en aardappelen;Recipe_314876-01_560x560_2.jpg;assets/images/dinner-045.jpg
46;Kipdij met sperziebonen en krieltjes;Recipe_506298-01_560x560_2.jpg;assets/images/dinner-046.jpg
47;Zalm met broccoli en krieltjes;Recipe_503075-01_560x560_2.jpg;assets/images/dinner-047.jpg
48;Kabeljauw met worteltjes en aardappelpuree;Recipe_501079-01_560x560_2.jpg;assets/images/dinner-048.jpg
49;Ovenschotel prei, gehakt en aardappelpuree;Recipe_504691-01_560x560_2.jpg;assets/images/dinner-049.jpg
50;Ovenschotel kip, spinazie en aardappel;Recipe_505548-01_560x560_2.jpg;assets/images/dinner-050.jpg
51;Bloemkool-gehaktschotel;Recipe_505686-01_560x560_2.jpg;assets/images/dinner-051.jpg
52;Broccoli-kipovenschotel;Recipe_503971-01_560x560_2.jpg;assets/images/dinner-052.jpg
53;Zuurkoolschotel met gehakt;Recipe_506201-01_560x560_2.jpg;assets/images/dinner-053.jpg
54;Witlofschotel met ham en kaas;Recipe_504023-01_560x560_2.jpg;assets/images/dinner-054.jpg
55;Preischotel met gehaktballetjes;Recipe_503881-01_560x560_2.jpg;assets/images/dinner-055.jpg
56;Aardappelgratin met kip en broccoli;Recipe_506406_01_560x560_2.jpg;assets/images/dinner-056.jpg
57;Macaroni ovenschotel met gehakt;Recipe_504326-01_560x560_2.jpg;assets/images/dinner-057.jpg
58;Lasagne met spinazie en gehakt;Recipe_500087-01_560x560_2.jpg;assets/images/dinner-058.jpg
59;Aardappel-preischotel met ham;Recipe_506082-01_560x560_2.jpg;assets/images/dinner-059.jpg
60;Kip-pesto ovenschotel met pasta;Recipe_504511-01_560x560_2.jpg;assets/images/dinner-060.jpg
61;Nasi met kip en groenten;Recipe_506150-01_560x560_2.jpg;assets/images/dinner-061.jpg
62;Bami met kip en groenten;Recipe_500197-01_560x560_2.jpg;assets/images/dinner-062.jpg
63;Kip kerrie met rijst;Recipe_505747-01_560x560_2.jpg;assets/images/dinner-063.jpg
64;Kip teriyaki met rijst en broccoli;Recipe_502390-01_560x560_2.jpg;assets/images/dinner-064.jpg
65;Chili con carne met rijst;Recipe_502706-01_560x560_2.jpg;assets/images/dinner-065.jpg
66;Rijst met gehakt en sperziebonen;Recipe_503042-01_560x560_2.jpg;assets/images/dinner-066.jpg
67;Kipsaté met rijst en komkommer;Recipe_506433_01_560x560_2.jpg;assets/images/dinner-067.jpg
68;Gehaktballen in tomatensaus met rijst;Recipe_503738-01_560x560_2.jpg;assets/images/dinner-068.jpg
69;Kip fajita wraps;Recipe_505384-01_560x560_2.jpg;assets/images/dinner-069.jpg
70;Wraps met gehakt en bonen;Recipe_504440-01_560x560_2.jpg;assets/images/dinner-070.jpg
71;Kip met champignonroomsaus en aardappelen;Recipe_17035-01_560x560_2.jpg;assets/images/dinner-071.jpg
72;Varkenshaas met champignons en boontjes;Recipe_314876-01_560x560_2.jpg;assets/images/dinner-072.jpg
73;Hachee met aardappelpuree;Recipe_506663-01_560x560_2.jpg;assets/images/dinner-073.jpg
74;Gehaktballen met jus en puree;Recipe_506298-01_560x560_2.jpg;assets/images/dinner-074.jpg
75;Kip in honing-mosterdsaus met broccoli;Recipe_503183-01_560x560_2.jpg;assets/images/dinner-075.jpg
76;Schnitzel met champignonsaus en boontjes;Recipe_505816-01_560x560_2.jpg;assets/images/dinner-076.jpg
77;Gehaktbrood met aardappelpuree en boontjes;Recipe_502729-01_560x560_2.jpg;assets/images/dinner-077.jpg
78;Tomatensoep met gehaktballetjes en brood;Recipe_503574-01_560x560_2.jpg;assets/images/dinner-078.jpg
79;Kippensoep met vermicelli;Recipe_502663-01_560x560_2.jpg;assets/images/dinner-079.jpg
80;Erwtensoep met rookworst;Recipe_503768-01_560x560_2.jpg;assets/images/dinner-080.jpg
